{
  "project_info": {
    "project_number": "217794687329",
    "project_id": "kiva-b7315",
    "storage_bucket": "kiva-b7315.appspot.com"
  },
  "client": [
    {
      "client_info": {
        "mobilesdk_app_id": "1:217794687329:android:191df7add62d6d38bbd520",
        "android_client_info": {
          "package_name": "com.example.kiva"
        }
      },
      "oauth_client": [
        {
          "client_id": "217794687329-e2fp9hfm5239l6dkif05k4h12drptcq4.apps.googleusercontent.com",
          "client_type": 3
        }
      ],
      "api_key": [
        {
          "current_key": "AIzaSyA2jSr98MeTIDdNFktXCnErC8A9BleZRwY"
        }
      ],
      "services": {
        "appinvite_service": {
          "other_platform_oauth_client": [
            {
              "client_id": "217794687329-e2fp9hfm5239l6dkif05k4h12drptcq4.apps.googleusercontent.com",
              "client_type": 3
            }
          ]
        }
      }
    }
  ],
  "configuration_version": "1"
}